id,class
00a7c4438e7c1b98a1625aff211bab50,No Hat
00b0e9a0f1e5bcaf03873b64d713a170,No Hat
00e50b16ef632d8059b03a47153daf07,No Hat
013fafa82dda5970dd807bc46faf3f95,No Hat
017110f084e029eaee20aad780e4bfb6,No Hat
01be71d1f7d2faec27a0383146b0b252,No Hat
01c0ecd07e79a574730d9c56ed1390e6,No Hat
01d1518a0f8af049b2f99535daa22a46,No Hat
027127cd96e29818bfb11b44ee661c93,No Hat
028ed0c5a79f6bec101a557c97bfe019,No Hat
02e84e625c6bfc9f2c763d5f2e376e86,No Hat
03040ea00ee587e3146dbafe80bff1f5,No Hat
030aa10ecadf9f5431b7125b779b0077,No Hat
0358ade484085c944b3ac2bee8c309ac,No Hat
03594ddf56d5570d4f6039cab2936eb3,No Hat
0362787ae0a16b2ee2c180827c01e619,No Hat
0395467301b6a1b7612bed1e6f0138db,No Hat
039b9e8918bcc8cb6bb9cc3cb84aa35e,No Hat
03aabe9c6cc8cba518d2dff937e8d3b7,No Hat
03eb56b43b871ed782ceacd3d4abc560,No Hat
0469230d2d6eff58543b0a52d6fb3bd6,No Hat
04f1175d70f4e2d75c4266443c07a47b,No Hat
04fbb8e3c4b5348843a5785b4c101911,No Hat
058f39656228efdd541e71d6ea6461e0,No Hat
05a39cf1f3fb6e0bf9bd34047e0ca6a8,No Hat
05c4186e258b5a3ab0addfeb372ed406,Hat
05dbc11bbdf04f04c2b0d9e32b75cfcb,No Hat
068373495eb88ff7206e4a714be48535,No Hat
06962b6b913c0efbb264e4531e0c630c,No Hat
06c6cdcbbb7320b760cbb3ee530c805b,No Hat
06cb3e8f6522f9b43316963e79dfe94c,No Hat
07259968bc0d07d202f2124ff6dd51a9,No Hat
073c5b615d2a0453d3b8db3085ddc13e,Hat
077735ae5f7975fc5c492d43ddc0138f,No Hat
0788735e9be940d54f798a7407e6a564,No Hat
07944221c3b0a848aa70463275c24119,No Hat
07a74ab02ee21fdcd4a27ce4aac5329d,No Hat
07af6e551654de3d522a79f87801b288,No Hat
07e524fffbc94b5e3151cf220913aed0,Hat
082acf4d4a8eb3b8881e0f14548f76f5,No Hat
08379f6be8e97d3516adb196ad601f14,No Hat
0867e36e4f76db43e5a6d413c88d1bcb,No Hat
087262a763cce6adf95c72225ab3ab42,No Hat
087b6c1886e3d85e0ea6c8af545d13fc,No Hat
08a5e15506edc47f13546c191910f0a2,Hat
08ead7ee5dc2838da6e8bb111c7d3c11,No Hat
092fb2f91a41ea99520f8f762ed3c51a,No Hat
0989f70d7c5f0149c3e132b4e1dd74c8,No Hat
09bd398fccb799200342f962ec842548,Hat
09c87b5872678a0ccef9bd6d0475e9d7,No Hat
09fde886680d1f7f1979817c317bc677,No Hat
0a13b2ef188565165661cf22c65310df,No Hat
0a1884de4791d0ccaa72904a4abec77a,No Hat
0a22b8b519ca8249be50fee926633a9b,No Hat
0a3ba9fdff92b510734d31b3c6269caf,No Hat
0a96a32253adba47c5c6286e1670821e,No Hat
0ad01b7be6205d657ae2ba81377cfc90,Hat
0b04bfd26cb05f848760fcde26de51e5,Hat
0b123659f3aa158dbee16ab52f337472,No Hat
0b2f7b44012cca7352a3541c420e360d,No Hat
0b46c235d627792293dd9711ea237844,No Hat
0b5534da13f70b30340d982593295709,No Hat
0bc091cb3d7803a0cfa8e6bcc76d0787,Hat
0bea8eb481e8ed57a09b1e1ec82dce5f,No Hat
0c08686f5df9a57116ecbe09248191f0,No Hat
0c09f81df1a3fe5ca21f495f1efbf6ce,No Hat
0c89c527dd3ff5297152420d9f56df69,No Hat
0cd8280a41446cf1e78b244bf7e11d82,No Hat
0d5f1d61b808f14d048f4ecbe8a2949f,No Hat
0d9359c724aaf5ee726e894448916a3e,No Hat
0d9915b6c3d9c5379361c8ff8ebbdacf,No Hat
0dae94cbb6a5242fd4331565b406615a,Hat
0db3c4afebb1114ddac9ccb2e6ca0827,No Hat
0de5bee9fb10fbf0f2710000e8ad2213,Hat
0e27e4648469e471d4cf3065134703f8,No Hat
0e427a0907c85443e2793daecdfb5371,No Hat
0f22684db2f42e6c191971fc7691380a,No Hat
0f66c8d41e917b73ca9691f25c32bb52,No Hat
0f83e91628bae4e3b0cecc646ef47d08,No Hat
0faf5f76c00702563202b0eab9e05c39,No Hat
0fcacfe3166ce849d0fe841096a036bc,No Hat
0fe440d9105b68b704f597522fb1fb3d,No Hat
101c445e6688c67302dc656489e40f94,No Hat
10257bc96b55d7c25bbdd163dfc784d5,No Hat
104b80a217925608f1cfddb55baecf67,No Hat
105fd1073c65c6d69a661f92ee025ba6,Hat
1072622b3b149f428725ba235cef407d,No Hat
107cbce7dbea5c1ab2bbc774c2aa8d0e,No Hat
10aa561452efc933593f5d71abb75382,No Hat
10fe0e113727a80d13dcfbbdf92eda81,No Hat
1113b6263537d8176deb185fa80bdf46,No Hat
112c7765123931e47974f0dddf807b4f,No Hat
113603c41fe7b5d7421e4969a2b2bfbe,No Hat
114d9feedfa24141411224e27105dbce,No Hat
117bb31f2f876d9b519e1504e949c286,No Hat
1186d72e002ca8a225c0c0e51af830e1,No Hat
11a221557e09f457b84604d015021569,No Hat
11b2d202dcf53043855cc50dfd5e8234,No Hat
11dbbf522b175f23900fa7002f700576,No Hat
11ed707492d92e7c926beecaef2a88e6,No Hat
11fac58bbb532cf20f764303146b8ca1,No Hat
1207102ed72d7d976cdebfd00ff9f15e,No Hat
12285e99341d8ea22d0fa62a5e40336e,No Hat
123f4babf7ebe5c134a329607a873bd1,Hat
12412e640236255c873cea2e507961b1,No Hat
12539a3f3f65612992ea29d7fa7cf7e1,No Hat
128587ed04bcd2b089edfb38989d3674,Hat
12a5a317a97152d40b8eb38899df602d,No Hat
133a31f2b12a995d96d16f5dd607189c,Hat
133e202fad341a5c103a4b50af432e75,No Hat
135503b9972aa96b3d858648005fb0c2,No Hat
1357524d2e4c6204739c0b265c49649f,No Hat
138cbdb69023ab54fce630e13823ba57,No Hat
13a068c60955f5b6aa39eea3f71a230c,No Hat
13aff048137c3633baaea5b0fde4f0e2,No Hat
13e2cb84ebe457f52cd7b364e3a76f6d,No Hat
13f38a166d300807a1ec8e98d58ee722,No Hat
141781d4454257f827912eced905802b,No Hat
1476ba158fad796fe495c12f73b389ca,Hat
149f202287966e02c57e385949fdc26c,Hat
14c600284d627ae1e796c046e9a0b194,No Hat
14d885e64aad796620ee1aa12eafda7a,Hat
14de90ff9a0a9e51910ebc954368f33d,No Hat
14ebb36938277314644893945a2284a1,No Hat
150a799373718c5e354316045f5aa7fd,No Hat
15545804878b7a0465f652c1c3c70b9e,No Hat
1596fc7dd8b19be0d0df6322dd356ce0,No Hat
15b22cea4aa42d8374bb0ae2883c59ef,No Hat
15ce5c76c6cbc8cd2c7bc350825121bf,No Hat
15d27149211e9eecaff6132a49222c23,No Hat
15dc354404a877b692e96ccbebd8fac7,Hat
15f1de40116da6f57d70ed2497f362fe,Hat
1605b07ac810157487250c1b1df381d5,No Hat
1672cd9307eb1c82fd914d712c34f088,No Hat
16bcdbf3ecc37c5d812bfb66ac18d667,No Hat
16dab5d1291854b7bace14d27bff1da6,No Hat
16e6805d17e8b7629bd633fd3672d54f,No Hat
172094402505ca9d9a7fd5b9657d2d28,Hat
1730759bad5b481c974d25c29ab40849,No Hat
173403f2b27f73c232750e47396be905,No Hat
17398ffa27e51e7aea9d1a5ca01c1c0b,No Hat
174ad7377851d6d333ef465e63a1d2e8,No Hat
17518b33539f83f4f8baf2883e567b91,No Hat
175c2c9bf462942d7a471097e8a51644,No Hat
1791f53553f1637ff1d0b10ef90a9c6e,No Hat
17936d06b034931ff69a59eec0ebf7d0,No Hat
17ac8ab02ae95dd92be8016bdd7715e5,No Hat
17cd482a35981f322e6a685d3a1e0d93,No Hat
181b4418233dbb26818405a29d9e455f,No Hat
181e070dc317a07242aa2db499ec9fec,No Hat
18a3b84dd91893f3bc45a3d224d407d3,No Hat
18b6aba7371a8fd04c48fce3d3be7175,Hat
18d4e1fdaf46f24a8cc6a06b4187a3ec,No Hat
1981171afebf7a8ee8616b468b62790b,No Hat
1993125eb30a624438fba0df55711c48,No Hat
1a3a2e729faa552fd3f644f00dc8c3c7,No Hat
1a435268df2c893b09e35e3883919234,No Hat
1a52cc84b8c1138dba7b917e7f55bb29,No Hat
1a565be414b145d2ac3a450f2ab1bc33,Hat
1a7041052b9e8e60df176bc3f00da7f4,No Hat
1a8ace04efa10771b428f74c0966df99,No Hat
1ace4a3581e20c6a80f9a8dfacb05708,No Hat
1aff6bf6e56e07dc51365c79bbecc819,No Hat
1b0b27dbc6af0da5fcb2f40214332cb1,No Hat
1b134ab37b250004161c104739857452,No Hat
1b78c8cbfb8737660273a05bf1027e1d,No Hat
1bc5e1ad87b534397e8754d2763b8f87,No Hat
1c91e45e57176a3d9a79ec3e515dd712,No Hat
1c93222ad68ccea8a0361353c55ffbce,No Hat
1ca0aca64d80dd014b59fb9fef4b3379,No Hat
1cd536682a739aac16bc1abc01ba2586,No Hat
1cd923ac3c643f88a5357f50cf0b2094,No Hat
1cea1fa781cb9766f39dd2742208629a,No Hat
1cef3ca7a7a44004b4d6606c6a07fa3f,No Hat
1d270684cdd821160f7dbfb798b7ca9b,No Hat
1d2fe8d8954416b158854a184a777b23,No Hat
1d513d418104137d479392ca5e3714b3,No Hat
1d59a149ea9fbaed2b9136fa68614aad,No Hat
1d76f2234f6c054d7acdf053006c11c4,No Hat
1dbda12dd9db146b8140b0b0e8a88a24,No Hat
1df974e742415e4b52bdfc08542e4c6b,No Hat
1e1feef11d64426241ac54c841e85309,No Hat
1e39b9d596c3af5ca6776c87a90f0536,No Hat
1e41491aeaf43f511eb3e2da460fc2b9,No Hat
1e5da8d650aabdec9937694ea8fd8206,No Hat
1e69abfe696ae21c986387f16b702635,Hat
1e7f8adde4fbd8a702b99e7f6da7b6ac,Hat
1ede13c52a831dd3b77dda9691af0f45,No Hat
1f20e5cfe9183cbf78ebbabfa553f311,No Hat
1f602b5f7a4834ae0396141ddb6ec17f,No Hat
1f659530d844aba4e507728ed314d626,No Hat
1faa336d236a0da540de853fe4ea141c,Hat
1fcfc56fbb26674becc4ba8f19985f86,No Hat
1fdeda31989e4a54c344194c6b32e8d3,No Hat
1fe8b20c066a7118fc409f6bcedc490a,Hat
1ff07ce8554e2e1b3827e274b105d6e9,No Hat
1ff752a190b8e3e53a23933bdd85d54e,No Hat
200d39cdc2677c62eab07586a2a848b8,No Hat
2011e1345305bdc58d98f69fb31367a1,No Hat
201b19d2007a2719ccdc429c60195b7e,Hat
202cb84f10b6e0a255b493932c904417,No Hat
203256306ef3b1ca357982af1308bf20,No Hat
204aa0b047a87d805c56147fd46fc5e9,No Hat
20ae21739b912224fefe509788026952,No Hat
20b3dbed398da8353e2dba681ec61e3a,No Hat
20d528e8d0d1633510c04aed5805de6f,No Hat
2110ade491876f2acea8aca4aa11db4d,No Hat
214c9d6f45915c726d1c5457d1c2cda2,No Hat
21a89182cdf953c0cafaea9fe558e681,No Hat
21ce76eb56c06f49e49499bccb5b51df,No Hat
2233d191141539414f03b8977e346820,No Hat
229d2a1b1bc40b7398406e8b50c4e819,No Hat
22b7b8d080bb55f82975377e94a4ddac,No Hat
238964f9fa38c9c037da9a60fab3f561,No Hat
239332439d5fe78b3318ee92e1235ee8,No Hat
23a39d31d3c5d5ecd95a900ab95cb11b,No Hat
23cb4bdde91ec87d832a1ad6f99c8079,No Hat
23d7497e107e17731aefa949deee7854,No Hat
23db308f4caa8a40175eac1c50f1f208,No Hat
23e50c7760cafe25a08eb065a2ebb9d1,No Hat
23e7de5c70a6a1193ee19c484ea09b51,Hat
23f47f1e8324c4ba4b09c4ad287a2b2a,No Hat
23fba9c5bd0301475af2eddae0f2b8d3,No Hat
24010d8b064ffee070019119a21e04e1,No Hat
2402fa463605e1c7df2ac5dc5fba24df,No Hat
2460a70a5634d043a098e2290cbb2c07,No Hat
24714e55b4cef9f86886f3dacadecf1b,No Hat
248e6479eb8042817aa729e387d58219,No Hat
24a1f47396ee924bfdd9ebb2e13f17cc,No Hat
24c1c287b96dcbc8496f053d399a06fc,No Hat
24d2c503abd40f906902fbba2008752b,No Hat
256b3fec704e664e3cc7667e6e9496bb,No Hat
25976caeffa37b80c401744e39e8a165,No Hat
25a3bdeb586c870aa6d56c905c47d88a,No Hat
25c020e71659fde6d985fb02b38f8357,No Hat
25c460912dd0e75177076890a63f02aa,No Hat
25cd7130dd7ea29b05727ff4c461a733,Hat
25e9b7abdfcc759d56ca762c28c38d59,No Hat
25f1321b942352924e01925aa0d4dbfb,No Hat
25f7a6a95ee9a22f03f7b77adf1af434,No Hat
2637db111a740c2a8eef79dc659e07b2,No Hat
26811aa2feb8616947147973c734eaae,No Hat
26d1082201c53caf9105d737e9b4fcff,Hat
2756f0d0782696674ca1a260a080a708,No Hat
2768be2aeb3e1ea47ab83651c42fb97b,No Hat
276a50934cf882352c97d2f9497eb859,Hat
27ce54fd03e0834b45d632734e26f35d,No Hat
27e9e0ea24d66263285fd001ad0562bf,No Hat
281878b295834b0d7c37fefb6f18c319,No Hat
28290c8a9078bcda9ad0b02b8b174c66,No Hat
2893dc652dba62cd8b89fa36b827dff7,No Hat
28d089a2838c9056c79b545a992efe1c,No Hat
290cf81707b2a5501bf62c8949f916f7,No Hat
293bc7e3b33c7025f2ae940e4afb453e,No Hat
29a54dfda2ebe4d9524ac62d9429bcff,No Hat
29c06ab651290ca406d43cd55a72ed9f,No Hat
2a24cecde7336d10fc912ef2a5f413af,Hat
2a54eb4a54716f781f0f3969b7ae5d91,No Hat
2a8545bb950168033080a0e62414a599,No Hat
2a96f0f20a759bec95bd6f3f60a3b714,No Hat
2acc01d86b6e9744de34e3f6770969cf,Hat
2b1ccf873517f00163f5e9b89cd15cad,Hat
2b41f32660b15a21922ff5ee0ef97a9a,No Hat
2b8a9ba31c13732f353b6665fb8c9f3c,Hat
2ba35fd76df7721ff9b8de7c1c04196f,Hat
2bfe9b4529bda4e512a430ca1f9d10b1,No Hat
2c15f76f7e7fd34d925b423ac2be5d1a,No Hat
2c4df6a85e8f9dd85b8580f38a4ea5a5,No Hat
2c98b7a897a5625a79d22140fdeef916,No Hat
2cc72b11e06ec62d7ae73c3c150df0a0,No Hat
2ce1fc3cb3750bff01169bb31a000325,No Hat
2d738bdcc5dddeb7fb7ab95debcf614a,No Hat
2dacf9c6cf1098c94175bab60e5733ad,No Hat
2e106a4a7d9da0656074ce2ec2faebb8,No Hat
2e19eaca5844201b009c89d87d7d6198,No Hat
2e8b086e6697ef51714c4b1923818701,No Hat
2e9bab2a6080aaaba94861068f96246c,Hat
2eed4fd144d05e30655800e7748e0ed1,Hat
2eedc859c57bcaf2e8ab216178cfdb30,No Hat
2ef6a6ccf859c72840b553b39a11fb09,No Hat
2f04310f9bc90c0a90e2d1c2d51cb0a1,No Hat
2f0ccc51c45ddc7cabb488dcc544413d,No Hat
2f2afb8991873e6504d0f6a6a5ed7093,No Hat
2f74ad58c9f06a41f8b9b36387115188,No Hat
2f813f96910614d1fe726c40ce5dddc4,No Hat
2f8a919365a5a346ad1809a806b99166,Hat
2fea644046d3d2713bb2e9208724d1b9,No Hat
301a631e58affd51319a94a192f7744b,No Hat
305f487fc2cbd8ac3e71d466521c6a27,No Hat
308db8d6ef5769ef96facc768c3502d5,No Hat
30ad4725b6c578b5b1b6cce711f0f8ce,No Hat
30b33352a440fbd02e6f46aabd331156,No Hat
30ec5961768e37b0c776b79d28d84d5c,No Hat
30f30e6153c6f03c89a92aefa20dbc73,Hat
30fc57b9b4acc4c2f7dee22c84ad34cc,No Hat
314b60934e0c47b5e59f81ce321822bb,No Hat
315bc4226ffe4cef608d3019e0ccdd4e,No Hat
31a6c99c6a6607b1a6272da3367730de,No Hat
31acf1b22ee49b05d224d5518db4c001,No Hat
31b73aeceaca7c98057a494a5bda0af7,No Hat
31b86a50db23b3d28ac7ef191d5943e6,No Hat
321074bf0fe615aae02da6a1206beac7,No Hat
322802015fa374b6a9acbf390a290b58,No Hat
32552b7167fb1b43ff2684e794b190b0,No Hat
3256a516c99773b4f1ae298c0d1652c5,No Hat
326d1a94d7d7f1994849b42fedc3b51a,No Hat
327a79ffebf93c7e1c0de6c337b2f466,No Hat
327aefe3f60cf0fda0d038a556b37998,Hat
328044e3ddd00ba5c5be70ce3ca414b2,No Hat
3291d62ef3199d3d09c7a6d6dc3edab1,No Hat
32b69933ea2ee82e05ddbc53eaef72c3,No Hat
32d748a73726f74cdec4cca95022d738,Hat
33086fe208f46321a3b4833ebe773de6,No Hat
334426da59e869d06096df5e36c74194,No Hat
33515fc07d7b88f401ca33600ad90655,No Hat
33522d8b6ee33018c8863fd27916d123,Hat
335b0cb944f1f72f0272ea78b5160bc1,No Hat
3369397a5c940e0133fa616a8931d35e,No Hat
338cdd3e52772f53bd62afc095594746,No Hat
33d8783bdf898b1de5fb1715589231ff,No Hat
33fa7e31d412c72fbed6b3baf63ce646,No Hat
34282f3c490a3511004e1ff206bc020d,Hat
343859829b5d661544a0fb78b5611a14,No Hat
3449fadd3fcf04f71e40a9804d04e50c,No Hat
344d5b1d719233f8b2c99d56afccd4a1,No Hat
34de7f15cf0ab69f53c724d343205e56,No Hat
34e11267205088e83329a717c3481b0f,No Hat
3570e51cb0df669df4178c0ec2163db6,No Hat
358646de057bbe14db42198ec38ecfc8,No Hat
3596eac0317335a575f0404794df6d7e,No Hat
35b185ebbf8a32216ea162b159611930,Hat
35d13bfe3c4d4f9112db134c1e8d42db,No Hat
35e20cf60d426b9ef21950558bba0d7e,No Hat
35edb1881f4a34d87fbf9c28da3b562c,No Hat
35ff2b356ac16151cc58af64ef50c9e5,Hat
3618919413b66c6f9ab8a156e62b3a89,Hat
363029079098f0c785dd506141418310,No Hat
369be973556cf915ee41421e2e3ff03d,No Hat
36d9e60c32414ea7a3421cf39faf7870,No Hat
3703631b03285c9c77383af696f2028a,Hat
370d4593f5fc3405dfa5f3e5a4f7fcd8,No Hat
3735f4992eca99669ae47039efe15849,Hat
37516fcc8a9a62904b8723dbc306e181,No Hat
37eea83127b6f89c8dffea57b9d56928,No Hat
37fdc7626f44ac8737029b164edf4c18,No Hat
38152cbea3fb7b2a2361c4d857f6c486,No Hat
3817b531410ea52642407783e9b742ca,No Hat
386341cbd208500cdc49333e337f039c,Hat
38767e72174a68164841ba35618e00e5,No Hat
388ab2091a9f575db38839a2f4e11d30,No Hat
38b77bdf40c69d39affe50e83f9ce1dd,No Hat
38cc7d433168a485e010ce6109d673fb,Hat
38f1768cf42ddc8b2314e7f474f95060,No Hat
3904a95988df9053b25addeb8385fa23,No Hat
3947c5c01cc9ada7f9507555025d8b44,No Hat
397f604918598cdc820699a98138974e,No Hat
39871659146ded27ce1e086794c48e5d,No Hat
39a7eb1a3412ae97402c7a58998d1a18,No Hat
39b263ac1f86f70266026fe877e382b3,No Hat
39ba3e06921641508cefcd7640e24acd,No Hat
39c90fd16228ad6c6fb39cdf685e271f,Hat
39d62580004dfe83e77be3d122e53461,No Hat
3a49ad821f2c91238c3f9a7d27782197,No Hat
3a53f2ac2691f5062fcc37b673e766f5,No Hat
3a582f2ab5904fa3be2ce9cd95193028,No Hat
3a6f4ce6998e0d721b7eade40d355517,No Hat
3a7b6817807b53963c9fea53f018229c,No Hat
3abff3f5e702a0d55e29810e13fc7893,No Hat
3ac1048e49c53a5accbe9551472aead4,No Hat
3ac4e83424fa3cdd14cd9108eda86992,No Hat
3b943264af37aafe5a266341bc0786da,No Hat
3bb8fa01a04a6a74124a434183ee1e24,No Hat
3bc7551cd80c752f6e6b122d99edd99f,Hat
3c3d394005769f79b75a4864b25de550,No Hat
3c646898fca7a8999471c2305138b116,Hat
3c93f97ef258a4ee5517fc8b258255b4,No Hat
3cbf67d4e7a0871089ab67e18bb15387,No Hat
3cda4d1f363b14f341bba2bebf6963d5,No Hat
3d0a2ff13500965ae3e2dbbb0f7baa2d,No Hat
3d0f4392800c737e692bb3d0e0513318,No Hat
3d55f5bf53df3779fca82f5453c9bbd3,No Hat
3d6734fdd9c876410bd51998ae8cd667,No Hat
3d8375b0cdb27cec5527df7eb60d6f07,No Hat
3da491debe072217156878761135aba4,No Hat
3db5eded8122b2ed6815c29bfb11c2f3,No Hat
3dc1ba239461e4065acb3a998f49733c,Hat
3dcd6b1fd8a17f48698bc2b84de2a9a1,No Hat
3e34331c3e7b09009a9b942166742edd,Hat
3e8144dddbffcadb0f591b20cde6f993,No Hat
3e86130cbace372d9c12b948de3d3c7a,No Hat
3eb8a07ae1014e989a9867ee4f79031e,No Hat
3eda62874aaead457f110227630d5827,No Hat
3edf2f1cf6ccb40932d93b62bbbdb0ce,Hat
3f5917f1c8bd6aec761380edea2bb27c,No Hat
3f7b49ba0d43390f0ca9150e2e82f6f3,No Hat
3f97b29dab63e9b932cb9647d8702e00,No Hat
3f9e2dc2f29ac3433789aeba3e986f96,No Hat
4023c69d2e621dbfe270ac68d291622f,No Hat
407652eff7ed16cabc5fa8edfad2abd0,Hat
4081213860bbd9764156da065de6a51c,No Hat
40959ee2846e075386a7ceb78e9cf3a4,No Hat
40c567ad9b91c6fbaf8d88f6b81c5247,No Hat
40dd613d2f69797d55f87e58f5818bb8,No Hat
410009ae25a10175a63ef37ff29de496,No Hat
410af30c6d3029ad68b1d149d048fe93,Hat
412f06ed109e4379243a036c88f52739,No Hat
4139764ae3d015524e477b53f4f00da0,No Hat
4147f1e3e9b266bab2cc0ff971d3baeb,No Hat
4164cb34423a81b811e57c9bceb9c0e5,Hat
4177693543be2aeaf86820a88bceb863,No Hat
4180b5a09fb973b7e6cf4044f3e2460c,No Hat
4193c062a83e9c6b94d9752146d7c277,No Hat
41d0190755dc67d434721f152ea0e27b,No Hat
41e0192b73cb22b9936369618c35cb77,No Hat
4213417ea61441cd39b34006bf1dd524,No Hat
421bd3a16782f6713adb604a29781d92,No Hat
422e5ad16296a77c93330809dd3572fd,No Hat
427bf5554c553b4c5d864a740b566731,No Hat
428c9026a13ae415e86b4dfe8f5918aa,Hat
428f9f5d779a5adce3342b0ac67b8c57,No Hat
4292144ab9459936b463d9ca3ae05246,No Hat
42922b6f36e67936aea6719ea98c385a,No Hat
4297feeeb309d4578b1ad26c394d30be,No Hat
42b5b8daa1c8b12c7fc82121a543a0c6,No Hat
42bb37c03f68fb1c5d7024492155a2eb,No Hat
42d9120fa047314b94c10e0d0a791e97,No Hat
42ea9126c9191d2942bb56ab4a96f0b4,No Hat
43400a0296ce70883f285009111c8524,Hat
438c4d584f366a0bef23c528d0a67343,No Hat
43c1d74e41df59e2b29b4ea5a5982ea7,No Hat
43f8c68c7e436a4b0e72f64cc01e0608,No Hat
443721df4c2ed87439ae5eea56625b17,No Hat
44737328b7111c103cf1f44d4f01aee2,No Hat
4480054e5f816d3b8c66c34690ccbb56,Hat
4503aa3506a58e48656f77a079872964,No Hat
4549f990fa30479c637ca2a161d47c45,No Hat
45bf5c487abc6205b7adf7245f1336f0,No Hat
45c1563673088f5c1da3ba6b28f2a305,No Hat
45de1362d6ac9812efa47f08735e7b0f,Hat
45f39013a8b7126b277c6bc78de48d4f,No Hat
466adfce43fe201896bf10e051ec7410,No Hat
466fedb34a96e9dfd9d78c0e524b0c30,Hat
4675671fec4c36339fc9528f2588d365,No Hat
467a9a656a64c362d49b1eda0f8077b6,No Hat
4687a016e1ab2faa43ec573c6ec0127a,Hat
46e9e159f798c22f92430b4ab3e7dcc5,Hat
46f29cac236f43a8f9915ac540067853,No Hat
4732c1309a94e52c06fea17599fe5bfc,No Hat
47f6ad181f44d573b9ce7beb7b6e9c93,No Hat
484ce5f663d4aad95073f80339c2b665,Hat
486c0060b3f098fd6c56071f500986e4,No Hat
48a3d749af62a4a2e97c0eaf7a5e84eb,Hat
48b445173e36764d27cfc62039ec7171,No Hat
48f07d34c890ab2a5948a629bd3118fe,No Hat
4902d660944503a67f458f203dc87aa7,No Hat
4912270e6664f98429cb646831dc017f,No Hat
4919bee8cd7437bea6c7528865603530,No Hat
49354d0a27c48c76b512358ec9548650,Hat
494027738fc26f214792b9c389455528,No Hat
49e5c9518a7290d3d1810c8ec6b77ab0,No Hat
49fbe96d4773acb394cf247c8f5ec868,No Hat
4a0dcaccfe782da7cc39244ab159b802,Hat
4a6143349d584350b4773942d6957a04,No Hat
4a6e4d966a5892e5f68692e51ca27094,No Hat
4a9467ec30bf9716672bba777f9f88d6,No Hat
4ac027ea995388e05e3aa3dbd2d753ea,No Hat
4ad2f947e1e6291675738ad396feb748,No Hat
4b0f10994d3a941daf5272ebd6460124,No Hat
4b176a0383c3a62c0c4897fed11c789f,Hat
4b1a4adeb5fc8747234e2d6054b2834f,No Hat
4b6439117875edbaaedbbe2e74c57250,Hat
4b7477e461e5948bd8a060292593eb08,No Hat
4b9e71101eb44d7672438f5b59eb7ca0,No Hat
4bed7a188100a87cb53feee82e58514a,No Hat
4bfffc8ce12a39174d280015dea7070d,Hat
4c7ebfa0cb51643e1c46c68eaa5a2c39,No Hat
4cb4a51f4567d6283dcdf162ab43ec7f,No Hat
4ccab6f7152c7948c3961e55b5e5fe8b,No Hat
4d2f60a856aab623a4e3a5d04013d358,No Hat
4d5d68b72a9d6c51c2c0854c47c14b33,No Hat
4dc0033a25974c5d1b246e30071b3dcf,No Hat
4df71ba0847cf46420e60c1dd232e7c5,No Hat
4df83ca9da56205c97b6dd346d508a4e,No Hat
4e039b011ab04398e3dcc6c240b4dec4,No Hat
4e1bf6f1b0e3debac6f2b25a7b3b8361,No Hat
4e1cfe21f32201bcc52e2323168efcfb,No Hat
4e9b527be131493be16c93c1e9c6d1f1,No Hat
4ec9fa52cd23158b2bbccaca0a162ac1,No Hat
4ef8ee8c16c2d4a142a5b87cbaace9c1,No Hat
4f1a9f55fec2af7a38e425098955b53e,No Hat
4f28f979c272d924820cf327f55caea2,No Hat
4f80aaa594dc8f0264173f40978dd311,Hat
502ce584b544bb19187a3b51f2f4d214,No Hat
5033ea701fc0cb719877a03a6f8669ed,No Hat
50625ec426c583c490495bad8c386502,No Hat
507f66677f4668e5290ac33811702be9,No Hat
508349a7ec516182df1ef4c2aa01382e,No Hat
508d2b7720e85704c07b8a17f3e9aa29,No Hat
50eb0fe24663ed2767c0fc4256278735,No Hat
5111a2c65658d4058135a570edaf815f,No Hat
51189a77cdd128953c354545e9aea8bc,No Hat
5136b03ab93b21e5354dae6d92b9711f,No Hat
51485adf1ff715f1a7684aecc7b9a954,No Hat
5180f9ccd8dffb7ed54ade87b9b9b9be,No Hat
51e638d91eb6ea2b73a59ca3a934420b,No Hat
52147d4f848fc0a95d36fc70574eb86e,No Hat
5240057843da269177604ce144b97d22,No Hat
527755397e4d9e9a5ec1f3ba9649c55d,No Hat
52895ffe6e6df4b39df3c66a757d2cad,No Hat
528e98a2c496d3d24a8de3bda52e8a6a,No Hat
52bd00bce78dec6b291bda166ada5907,No Hat
52ce273aa06a89429427bf8d30a6d36e,No Hat
52d10526cfe07e2629a9cae084a03dcd,No Hat
532855ef8132ec12fbbb5bb8931360c7,No Hat
5333ced60a926374dfb00064c3b330b8,No Hat
533f94a10fd7f8a1da8ee12e924bdaee,No Hat
537f41866327e53e9475d0e1e1607797,No Hat
53ccf65d65e5d13d257bc1cc0cd71cdf,No Hat
53e0301c677cabb8cb62b567775145b3,No Hat
53f88bb4a5140530302c6980e16dfd1f,No Hat
53f8d5d9f2ec26414f12b21737d84b64,No Hat
5415b45fa5187fa3c48d98b957071080,No Hat
5429f14f94715108dbef602baace2e35,No Hat
54557501774830a432466cd8f899d914,Hat
54b3274b71498157820303efbf41d889,No Hat
550c81c5e22c0512f90c4c9d626d57fc,No Hat
5575884d37079c5ce6e28920ebb19780,No Hat
55a91072cd225899f99637fff50932b8,No Hat
55b5427ccc1dd4025a2744a32b03e851,No Hat
55c9a8ebf27317b4993bf97e950bde54,No Hat
55d26f64eca9a994f53fee12ffd34114,No Hat
5692f70237bfccd0a713f6117cb018e9,No Hat
56b92b96772f2b44240deda2ea620012,No Hat
56c84eff37e88fe6cfba62e895787ef8,No Hat
56d4472455a46efb9556bbf836c8399f,No Hat
56ed2780fb8661906a77f08806823995,No Hat
57029e2bfe02e2a9b87b38abc48501ab,No Hat
571555445ad9453860a7ed1c840c2cc4,No Hat
57274c5114024e08e9b43c482622be55,Hat
5754ce794f5e0455485d71232d7ba315,No Hat
578e4fbeee07b72bc4d96bce0b780e9b,No Hat
5795ab1f90b3a71b8e05e2846d515e84,No Hat
579734659a473b60160783f786edcd08,No Hat
57c52013050456a07ac8e6419693a083,No Hat
5803f688cb176e6d0df1bab6df1df4b8,No Hat
580b9ce9440ca1bf041c5dd823fc2fb1,No Hat
58124bfde8ef1ed0d4d1825dd89b159d,No Hat
581b06ca07b167dd0ce192f26d2b2a8e,No Hat
584b32a1b2255b09484ec44ba2bc9cb7,No Hat
5865b962b4221cfdc3a6638b863895b5,Hat
58792785a49130d4e6bbb47280de2ecd,No Hat
58afd5bfba2816584574e71ba829e3b1,No Hat
58b031886dd6c633b9125247a9a91324,Hat
58bd768c8d9f30728158cf6929d03558,No Hat
58e39ec7c2dbb1ef2d62395aa73fc557,Hat
58f03871ffa0f22b95cb1b0c510a0ba1,No Hat
591a8285e96c9fa4a76bbf66a9fca7c8,No Hat
593e75a09d8aa330fa02c44b63904584,No Hat
59ca7f02fdee4dd4088ed36a53935ad6,No Hat
59e9e585ca84764279fac7c7cb01ad2b,No Hat
5a0fc59bf72611d9d1bbc162c6a82b0f,Hat
5a1a5f8f8d8273573b8fa21511c803d1,No Hat
5a34d937a4b97cc0e711d5d1c32b9c63,No Hat
5a5594cfe91581840282845e54ec8b93,Hat
5a6045b64db2cea9168d64b5976cceb2,No Hat
5a9f22e68901cab3ef8e15ed5c390fb3,No Hat
5aa937cda73200afbaef9c59a032f12d,No Hat
5ad111cbb1a8685e33cdf1510a94206d,No Hat
5b0361037d79680788afb2ac92abfe65,No Hat
5b539ffe17c66be14eacb9ab3a9da608,No Hat
5bb3b5561f5070a2ce9021324d57b95e,No Hat
5bdfb8f032f6aa19cb34c77ca3ea5487,Hat
5be201ad242757ba626bdbfaba399f9c,No Hat
5be9f03d89f34e059db9ec33b81b5609,Hat
5c0b0e360c0fbdfeb4a645ed93426c52,No Hat
5c3c154966d77e4239ab0c925d32a91f,No Hat
5c4862b4d68902a764fb0b8e677049e7,Hat
5c904461e4917d804d6a8823da363e93,No Hat
5cf0e33f875bfaf0bae730482242699f,No Hat
5d235ccf7465bcb7d9d6e661dbec6823,No Hat
5d5e2c1e19f912bdfc2d1d3ecff26a62,No Hat
5e09a32411ad1ca1837e5c58b9a585a5,No Hat
5e12646510f251cdbbcc35f2e47eb9e9,No Hat
5e14f6243a74deed01f8fc9758c60517,No Hat
5e3d1ea73bf88d0ebdc1089aaf7fe921,Hat
5e4ea301b4d8db771aca6836b566eda2,No Hat
5e9e5518d3b17b858ec8b7319d7c0d90,No Hat
5f2ed1e98b7dc97445b63f987f547a2c,No Hat
5f2ee2483df74fdf33920d6d4836510d,No Hat
5f45329066fa0dd068f79aad54a5bb51,No Hat
5f4cb6b8f185036d4b6a469cf179a6e8,No Hat
5f976dd837eb54069221860d1e44124b,No Hat
5fc1169d804a0751af5f8aa70c9318b6,Hat
5ff854b35e61afb0d68450d7c7421c54,No Hat
5ffab2c90122b6170df3ba0e98abbfb9,No Hat
6033619247051c0681b65b2b5db5f2e9,Hat
60382195f20c44171a688d7d68758812,No Hat
6061338d482b992322de43515e865965,No Hat
6071fd58d05516dd6c9d87da93a433a9,No Hat
6085dbf71cb0830bf3bc78641197e7a7,No Hat
60b8cb37e62be5d9c15bb75f1de29656,No Hat
60ba4f4968291a39751632009b2ebf39,Hat
60dee9af1dc49340d20898ff9ac368a6,No Hat
60e7a239bbc73756b5e007c94b9a8ce3,Hat
611155bea0037ea55f7ba5d6bed462cb,No Hat
616971868a8219ae0e6a1fc2cc543c4f,No Hat
619eda1bd7dcf1031a0e23131d44a551,No Hat
61cd3f6b577281889d5227ff6377ef00,No Hat
61df67110107c26eb1502f68f33e6159,No Hat
620eb0ff39c4be084d4b3deb033a01d4,No Hat
624bce73a0eba123a02c5b5acbdad6f9,No Hat
6280c9a94459edadb8dac8b819c2ab48,No Hat
62a455a117dda1a92be728b139040988,No Hat
632af48dabca848485163cceda20940b,No Hat
637516381a196916a62acc6085538690,No Hat
637d271d25d9add0f6593bf584503b46,Hat
63d20666b61aea1531a2b60a04f1f51a,Hat
63d4483a5feb464280d4ec479ec111ba,No Hat
645187439752b00538d5b22e95799a7f,No Hat
647a9985e4996c2522422bedf40cfca1,No Hat
648700576ba6a4a92d1f3c0b4dab52f9,No Hat
648a1be6006f7b8e2ba8dfdcaaab6c34,No Hat
64a12523feca0fa5f69d51e22e054966,No Hat
64ccfa953bfc89befbe140e27c940df1,No Hat
64dd422e19f84bc66d7c135d4f15c0cb,No Hat
659f54d7438901764134b2059988fdf6,Hat
65a0accdfbc6fbb7c65b3dced4b264f7,No Hat
65acb355f351e200ba0bb84f88371153,No Hat
65eaf9b35f936a19ca41c1af03b5cc0e,Hat
66311cd49357c2bc4344641818a8ec9a,No Hat
66a04ab8f9ffe110748fc2446ae25418,Hat
66e69a4cb8e590544fc3f047422856ad,No Hat
6702fe412a0f2b079a721643e52effa8,Hat
6711c7f1b3d04f67280d3e45807daf4b,No Hat
673dabc5f0fe85e4b2a97787ce6f1b03,No Hat
67e735dcdde2aac98f08dc3c07a9cd3f,No Hat
681d8e4e1df1eca5a35044fbaa7bf2a3,No Hat
6820f64e190fef7cd4ca0f962edc9835,No Hat
6861b265d1ecb68f174d2223bdd4c49e,No Hat
689ccc0f83484833882612fd97486914,No Hat
690878b0802e791dd13a869ba82919ec,No Hat
6923ee8002556df83bcada514ee9a375,No Hat
696d4c8e015a2213389ee478778994aa,No Hat
6a1d1f902c3e8e5004c15ed8e27e13cd,No Hat
6a5cbbbbd83a1f32041d5fb59a4a5adc,Hat
6a94cc15b49e78a7522aef96a175b351,No Hat
6a9564e13d83791b24283d20002ff1e7,No Hat
6aec2fac751b13f680930139b2b2ebd6,No Hat
6b0415f1a723bc1f77023191c431f8c5,Hat
6bcaf2634ba694903786118dd70ca4e7,No Hat
6bdcafe751196d93b2742e469060db7b,No Hat
6c02d673a1e37e6a762ed606b4ca73f9,Hat
6c20911919ed1a0b1296fb0f31f8e622,No Hat
6c296c0149a5991abd1f74fbc6e2f183,No Hat
6c34e228c6f66543f6a14937018460c4,Hat
6c501359dc842207eecb03d418e59dba,No Hat
6c83bbc73399646e1d0ddb32b00eabfc,Hat
6c9a89f8d7490586112a2e122a60359c,No Hat
6cafab36f0de1f0e528707a02542a8df,No Hat
6d10a3b27e8eb8106955e241428643b8,No Hat
6d2f078334120fa8e0b157f2e0bfb201,No Hat
6dcecc78eca505a1e3edb9afc0d432bc,No Hat
6e2c6e20e1afb8b088c6607c4e13246f,No Hat
6e3bfa3658681b065cbf269f8bb285dc,No Hat
6e6358a875119cec7ada966818fa0a1b,No Hat
6f1307d0998a42514590b760879411ec,No Hat
6f2c3b5e569295b099b38a79511ba1a0,No Hat
6f4a468b4dadd48110cc60486925b5d8,Hat
6f66af694b830627c97ff002364f18ee,No Hat
6f785227ee66b55c670809bf893d01b1,No Hat
6feb3e5983f934175011c4e25a136082,No Hat
7003103a892de88fa02ed86643c347c8,No Hat
709bb94d1d5eec9861a3ea7a55161363,No Hat
70d0d401e9b77677330ff7a3aa9100d4,No Hat
7156c4c0752eed05eb63a0b30dd73102,Hat
71f82ee13ca6a85ef615edf9d7dc7a97,No Hat
72148976da6cb7ed52a59131e6d3964a,No Hat
721d40ccf712b0ec1aca2bd82cf1ed72,No Hat
72814d4b70e2e467591f6a14e9361125,No Hat
72fc453b3b734006dcdc10e2d14faf2d,No Hat
7300db7e17dbfd10a0338ee9e6e474dd,No Hat
7336766ae06e67442ebfed9ceba8e778,No Hat
7337b29f7e9ca2d53da986d5263911bf,No Hat
7361df57a5b9410a1d5670e0095fc142,No Hat
7371e129dde50b5363d34559a8376580,Hat
73ea848eea1cc1d00015374c59eb1092,No Hat
73fc69716fdddd88981f14aad366d522,No Hat
74364eef37894d0400f88bcade723e13,Hat
746fd0a65a9289d922e0e12fbc08c834,Hat
747949d544e198766ba8252678d99e54,No Hat
74a804d7c33650340d3bd44639ffdc4e,No Hat
74bce0dd7a3093ddd51adc8b26f909be,No Hat
7502060c0915eca9f659753adbcbe1e5,No Hat
756bb27a1eda3f2b823a335a67d09b68,No Hat
75833531cea99c61f1963311a292d59e,No Hat
75b00d156e033f4f7dd5d707845abec8,No Hat
75c069f6f1078dfff3a913826742befe,Hat
76185d36c9685ea4b0a44cf8da4a4276,No Hat
7634e20cfd0dfa56d1e1e57b10685e4e,No Hat
766a6117e4df848796e2d491ea160fc1,No Hat
76748bad3dcf0d831294d5234671989e,No Hat
76962d7155361a7426a02cf8cb606234,No Hat
76aee6c4739bb086ecd9a34083b800c0,No Hat
76d276f8d7a875cf90700bb32039705e,No Hat
76d6640131ecb6fbe510cc4dab4fdd41,No Hat
772d5d791c212a9032616c4c3ee24646,No Hat
7739e5dc80d2d4d34a884311b68d8030,Hat
774ae704b4d0b4f8c2e058cdfacfc1f4,No Hat
776edd81f80590f1dd675dd20c183c16,Hat
7778b1eac3655e5d04a48302d5b56e16,No Hat
777d1ca6cbd03a5ab096be247876ccd5,No Hat
78388e4ca105fcf845856f8da2f77538,No Hat
78708a04d093139cbea110e79df8ce45,No Hat
7885cd9aaeef0d371c2808ce3a25257d,No Hat
789ffd1d478689f9d799a8992e3ed23b,Hat
79032c9d0925cbe70ac77a298a845788,No Hat
79111ed336e7c80dd15fa83ab07a354e,No Hat
7914bc0d9eb0230f47a23db9bc14f52c,No Hat
792979df80c93b26a71f1156b73b6bfe,No Hat
79351785511afdc411f5c86d81dd4116,No Hat
795bff3f95af88cbcb5064324bcf9721,No Hat
79713403e966c177a3b3720de34173a4,No Hat
79743f2d1d6cf376da6df601bd3b4ad0,No Hat
7a136e13d81493cb1c90d4c0c400348f,No Hat
7a36a34add461461f945346b2f21adb9,No Hat
7a52321a9be32fbc1565d2e2d4fc7ff3,No Hat
7a9d16b8f67ccf01d793a9367df1d51e,No Hat
7aa24498f32579a26c630e3bfe30cc23,No Hat
7ae04e49dc7ba889a1e3fb5cd35bbd73,Hat
7b0fd6458776a4c4daf54902b0c03b74,No Hat
7b38ac8a3e9dfd46c560db685c0cdfcb,No Hat
7b579bce072aeec3b6d3032cb5cb7dbf,No Hat
7b9c08f0530db3e569b38bb4e7a2a1f3,No Hat
7be2a7b30b171ee6906614ff9c3ae6ba,Hat
7be8c6b4d87cbcfd78936ca7f6a28abc,No Hat
7c33da05002997345ada578f285efabb,No Hat
7c71df298e0d111e907f89cdc68c318a,No Hat
7c7ef7f8564bcea5af59d38e3dba7779,No Hat
7ca67fe7a7b57093450353146290ff74,No Hat
7cbec8387ebe1678a1db131b46287811,Hat
7ce7e17e8c0f85397d2eac4d833fdfed,No Hat
7cec14a1904771b3ddf2b0ac4348766d,No Hat
7d4402cad097d62e1c5daf8e510ec171,No Hat
7d4ccd9b468c59778fc7e6108d5d7c6e,No Hat
7d50071311d98fdf0db76fc8740e5e74,No Hat
7d51f2c94fdf0b9ba56232d5937394c1,No Hat
7d7922901ad5ee1b3502bdb354853ecc,No Hat
7dae84d4b5c214a3d70136a71f276bed,Hat
7dafecfe08eaa47d08acfde82085f737,No Hat
7debe589cd5c6eaf6823046acdf96a61,No Hat
7df754c72f6a2ca709f121445688c41c,No Hat
7e0842117eb5e26d46a5316543278d0c,No Hat
7e5589d91a69187dbdfb7512ad5e1b6d,No Hat
7e565c2e29cacf9e1fa02474687b360a,No Hat
7e7701d600259c0d29ff2f2d00785f78,No Hat
7ef730f98285bdae7c695fa6318526ee,No Hat
7f151dd23859e855a63fd583cb9ef7e3,No Hat
7f28afbe4347e02f9bad2e459a8e568c,No Hat
7f37ada2b485ce8c22d549097d4109b3,No Hat
7f458e646eb390e4367cd8248e13fdbf,No Hat
7f6098170600a1e52d35973fa3757d7a,No Hat
7fce1ad48c29b2a5c7a7d11671bf4878,No Hat
7fe275bd2874006fc07dc5394b7216d5,No Hat
8036fe3d87895d422f42e3ad318d990f,No Hat
80eeaa0285235dae35690a01afe272a7,No Hat
810dbe9bfd8872e45a2a02d044b39da6,No Hat
813ecc9f15e41a36fa6cd04ab5b339a6,No Hat
817e5b91d828b585212c855b314adaa1,Hat
818335c9858510ab95b52e09f00b2b97,No Hat
819f9c05423e4001e8b7b334c37a6da8,No Hat
81ae6dd0868c851de4aba04052b1fe69,No Hat
8207a51323622887aef5c7060705f9b8,Hat
82179497e7561720b3a371c1af777d7e,No Hat
821a038d7a5f623b1cbc668f8c319c10,No Hat
821dc33860886f9c939a646a816e2678,No Hat
82447987483d6d765ce475567465c9be,No Hat
82602240fe9adc3d1022b8176d28362e,No Hat
8287a27344ab7b2b3bd29a2baa38a789,No Hat
83089b800772b6e2031ed9b638a21977,No Hat
8338b49cd703c616b0853aafdee905b9,No Hat
834a30dfde8811d422275585818ce95f,No Hat
83551fb561f3fba913bd0680e40db609,No Hat
83966d56bb46c3c009cf2d3d34ab40cf,Hat
83adc9215f524d6a4a4cc5d83000285e,No Hat
83db7e55d3cda72a082bd2f70f89d855,No Hat
8409b0d87d1871f6b57f4263beac5621,Hat
8458ff63f9317f83354d9880dd533787,No Hat
84590f13787e669f55680ba9d1093434,No Hat
84b2ca73446c128e75e9c28664f46496,No Hat
84bbdcab85fc3ce47b9891287650d2f6,Hat
84d739c4c92187b56330737cf3cccd76,No Hat
84ede5770f6f9f2999e8c0952b9198d1,No Hat
85404fa8291608338efc7d87ad2a070c,No Hat
8550aa6b565258dce45e087ead0cfc72,No Hat
85aee7ea0abeaf145dfd16eddce5431a,No Hat
85b4e307507abfe27f7c40f2b8f2f95b,No Hat
86847f21e663676512104d4b592dbbaf,No Hat
868625e2b5966080eb18fe43e56c91f7,No Hat
868e8c807cf2dabf1b8cab952ddd3919,No Hat
86c511b8a381293e7098d34a9aa7a428,No Hat
86ca80ce9f680e6f835c2e1edc7b6b7c,No Hat
86cff3c0d1152e3ec226954951fa40ba,No Hat
86d9805c559bf3d10edd14183851962d,No Hat
877c11ba4e9f4f991bdd959b9a940929,No Hat
87834d9cf90e58636ff6d51ab6a8e563,No Hat
8805a361e8d0484dc34aa3e9e4284b1e,No Hat
8834691cf872f7885a0e4abf8a649fbd,No Hat
88469b3626459654b1e0cd6c32196745,No Hat
888668526b71bc70333e85e022eaddc8,No Hat
88a64dbabc0fb083fa378bc438ab29fb,No Hat
88f133a6fa6c45da50d5741a370092ca,No Hat
8946702686ffca83d890ef1ef63dc37f,No Hat
895ae9cfd44d7eb7e469c388da7cc169,No Hat
8966667440e648f645974a009af0d789,No Hat
89b47c8cfd6b7953ea2bfa4fd6d78729,No Hat
89ce4f8d9f09064499756716e9ee49bc,No Hat
8a2321ceaba3cfe6475b8856ff0e3afa,No Hat
8a3c85f5b8d14fc583c068d885078ea9,No Hat
8a94ab2b01171dd4bd14006b90f27ca0,No Hat
8aa0e993a1b088370952088a667a2979,No Hat
8b020ca70d4d9cc2c241e563feaa58e7,Hat
8b62af2289ec8f0e20c2edf510249a40,No Hat
8b7cff072ec6f1635479082e108bcdd2,Hat
8ba5a9fe8544191c760cd520a9a24b14,No Hat
8bfed15bb3d3074d77af6f655796ede0,No Hat
8c060b435a12130744b421ca8eba1c57,No Hat
8c42019e958c521e7c3168c6945c0c10,No Hat
8ca4cc115d21b881d655513e0106db2f,No Hat
8cc4872491529e479e0cedc55089f496,No Hat
8ccf623c90124c4e4800c7bd949a6013,No Hat
8cf30846cee188852d4445338f371dad,No Hat
8cff1ea5d88965c1f57bfa83076f2ee8,No Hat
8d163fd5975030cd6cb574dbf31b7695,No Hat
8d1f248ae7fb8912a94d20bb7bb682e6,No Hat
8d367b0c42a754b9ca0fb74576bc3fec,No Hat
8d754ed402be5d90b66b10c57e18c0fa,No Hat
8d7642c2d6b61eaed51eb7f97e562b7f,No Hat
8d8dfcfa6bbcf7e2ee91114dc5777e85,No Hat
8d9497280407b1c63145bff002b690a0,No Hat
8d9eaabbb6dddac31abad8d95f2e02b2,Hat
8d9ec941b312940a2489fb70c1417d30,No Hat
8dee2d04503f655a6be6828eaeaa5a16,No Hat
8e10b6476d45fbca11ac0f7fd8b0b70b,Hat
8e2bb7faf9928e74b9d7e15b410024bf,No Hat
8e8443aeec94cde6491a9bf5fc048469,No Hat
8ed7eb79ec70647836c85496743a190b,No Hat
8ee5a4d6640ddb98106173fc5453e15f,No Hat
8eea80e040fbac3c65286b29bb18c26a,Hat
8ef46f57f39d2e05e3031fe4c421b1cc,No Hat
8f5c0404728c249c2bb1b58bb084d39c,No Hat
8f968ccdc037bd49421caab054329b52,No Hat
8fa04759d0bdeaf80946eb50bc517842,No Hat
8fb405ae8fabab0e3d93148505b7e674,No Hat
8fc6c3ca98f327b46279e00e9552338c,No Hat
8fd2cdb1fc6f95aca778d3338da31e53,No Hat
900fd28745bb043b9ce8207944542b2f,No Hat
902c0a5007e49cb4ba07a4e9d2ec767c,No Hat
9044be6f8d7da3735a662a631af50b5c,No Hat
908927c9addd6503c71ea479cbcb4205,Hat
91023505bafb44d7bcd32a08d2e25464,No Hat
9138ddf521716993db66aaf82b820d28,No Hat
913d10948bf5fba1c760b5cfdbccaa00,No Hat
914c6c4217c0a6e71dcfc53dc7ab282a,Hat
9176124be6d86661b8b44189883c3277,No Hat
917a2a2a3556913848a903ea157e2ca2,No Hat
91bb2af52f588ac52d1e3d5cf9d563f4,No Hat
91d066f8b4ddb60da7e307847b5bce9c,No Hat
920e9ae872b39e33690dfb61ed0f48b5,No Hat
927306ae251a46c2486b8a0298d3b32a,Hat
92753d4f2c5c458a124e9ef943f257df,No Hat
92e827356c017a979d4cf8a1e9a14eca,No Hat
931cc819f0ad2c062806cdf8206ae5f4,No Hat
935a8cafbb617b6da70dad62c143515a,No Hat
93796ddb07a22ea032487040ac08dadd,No Hat
93ac92b83413f1a8834f07ae5040a0da,No Hat
93bf5494085f41242414c6124cff129c,No Hat
93bf9915906569f1074ef94cc905ef3b,No Hat
93c64af55158e55a74b07ac0e7052e53,No Hat
941983a0ac6984fdbda9142e84d3d9af,No Hat
9427c232457eb4f35230ef9557237956,No Hat
9468ac79125d271054efe6f8891df7a4,No Hat
955b26443537fd9da0f0712384273624,No Hat
9579c5d3250067e2e2359d9cd2fa1bbe,No Hat
958f6f384c813ddddd0df564f1ce1e1e,No Hat
9650497ac9185eb1674adcec36d0e0cc,No Hat
9669d4d2c06277b4facf4fe4e664edee,No Hat
96a474fdea85a6f52fa1f6d1cb5a1427,No Hat
96c23d07fff91df447f94e62a2c2f0a4,No Hat
96e38dafbc9ba2bdfe11d53fdc60144a,Hat
96ed10f6c604d30c4dc00c381c6169a9,No Hat
970926cb1ed901ee643dfa005cb24d1e,No Hat
970a9ee27608ade9403fdd9706e556bf,No Hat
97216e51cb79b9130eaaceb6b1def5a7,No Hat
9724bf1af456c5a6ca4e34a3131ab26b,No Hat
972d0f3363e34d5c74a97ff8fbb4997c,No Hat
973d00ce0c40b65094d838b0387a7905,No Hat
97dc5faf8d84befe22c894f39349b7bd,No Hat
9863af117404f6652a19eb64d6d38115,No Hat
9888db2bf34aef7c1926cac1e7b8469b,No Hat
98d3da665ca6238a8c0b7b92f9a27c03,Hat
98e242120bd4098255debe5c4bb5d1e0,No Hat
9972c403a62f0c821c85cfb9fc4cc980,No Hat
9992101b648a6f356b22535309b0be23,No Hat
999276e2e146f2a756c3a4b5af2f4fbc,Hat
999e4a28b799619ce2b97904589fe77b,No Hat
99a51eff8035f9c01ec40b34e5866cde,No Hat
9a1975071dab9695aa42ec29202b9dda,No Hat
9a2cfff227135bc91569dc3ef76c8dc6,No Hat
9a650ac6335017ee52f488f4bd2b102f,No Hat
9a971cd13f9510b427d05995c57f9ba9,No Hat
9aab592a378ae6e68c28834461207b35,Hat
9acb002f940af3d112e4f3b4e6fc2b82,No Hat
9af59e152e25f2ee7b8b7964598d3f0b,No Hat
9af8f0421eb9165750b62e9d33c67190,No Hat
9b15d8fa3f535bfac2f6316d375adfeb,No Hat
9b70d06d00e4b6ea646cf88cd2fe9661,Hat
9b829ad3b5d3df076323c51d9273ef45,No Hat
9b84664a295db268fe6294c6d85ca95b,Hat
9b84c75513ea96181efa4052e3fd98bc,No Hat
9b9121fcf7b7db31d6b19fdfea072565,No Hat
9ba0f914fd456252936a32bded04d2d2,No Hat
9bc12d7f259f3053aba3ed462cd07901,No Hat
9c3a45c1e2e50ce95054a9ba49fef95f,No Hat
9c3b05ecf519e08c222dc6a13f97b8fe,No Hat
9cadf98391cd15895cf75647969094b2,No Hat
9d05761f802c0b00457b70e24d8815da,No Hat
9d105ec0c6e9608d442259c01359e444,Hat
9df8595126e003c83c86f9ab9dcd49db,Hat
9e38aa41042ff6ed6106067917bb02fb,No Hat
9e3f2051e75ee2836db6ed2b7f361f5a,Hat
9ea93f9e168085e0fa6f577b42da17c4,Hat
9ea9840d826cb383ae7c465ae1e3e3aa,Hat
9ebeecb8161787bd79bf7d56e5abfad6,No Hat
9ed637fd5b74dae2b625b040c021f115,No Hat
9f1b1a6cf5474491b009ba29d981c545,No Hat
9fd6f842ffa86aa52d7f772ca38e9e78,No Hat
9fd7f6d9b0f3a320d958b866dec89d4b,No Hat
a0386a25d4ab418580ff5d8d478bab5b,No Hat
a11afd2b234c908e170ffc20d66e9c69,No Hat
a154e7bbf8c44928eff2174218806564,No Hat
a1cc058d743ee88e941b435c8d52f64c,No Hat
a1efdc47d20d0133f87000be42d76ef9,No Hat
a1f04ea70aadca9b559e6d6d4fd5e504,No Hat
a20c33a7227a96aa0310be2604eccdcb,No Hat
a2171474ed3386f585b09e40a8ea899d,No Hat
a2196d5fdad0ff09667d68ded29b8cec,No Hat
a21a13cc32a849451333ac1a4cdb2dc0,No Hat
a258872dd1fedcb3e26d8b8172d2f4a5,No Hat
a262d3b29e499d0866b0c606c0348c2f,Hat
a2eac61eb1ffb507d8ec4e2a6f2c9b1d,No Hat
a3bb33e14b07e0ce348207d8d141f908,No Hat
a3fc89121aba5367b5c18f37265a64ab,No Hat
a45afa017602f92b07301ead7a1a8af8,No Hat
a48c1c8caff3815e72efd2ec80518875,No Hat
a48eb1795f6de310f6a07a26805e2cef,No Hat
a49da0be9593ab5ed56a06ecd46577ce,No Hat
a4bc85faa8068b205b1a512584886101,No Hat
a50b7a59e7c289d53385c7de56e58304,No Hat
a51f75effb1ddecbdc415f2c04856dca,No Hat
a525c23fd70725eb062ef48c18b8862f,No Hat
a54d368a6853ac4df0700a7415fe7a86,No Hat
a58807d0f78448376a39cbf7bcb638d5,No Hat
a592c582fe764ee8f9026ec02bdff6d7,No Hat
a5a306528d51ce6816fe332931c85ec7,Hat
a5ba63a2e752cb5de2bc08b24abdcc1e,No Hat
a5befcd069243be3b9777de57feb355e,No Hat
a5c8e9d9dbdd0450a0fec04dbb85633d,No Hat
a5e9b4bdf7922e8ff62f57cb66d930e6,No Hat
a5f20701685d217db70257f6d9c0c4de,No Hat
a61c9623f194dd4b37989b836b2351bb,No Hat
a628f45c5647ffa280722d3ef9e32c98,No Hat
a734ef8fcac3c0c4cbc23515b0004d5b,No Hat
a750aa0a39455f13a5279c97db8427bb,No Hat
a7514b3d1e86cae5fa8fc2dd4719fdbb,No Hat
a767d97b0b5fa540b20e57a3ad3034b7,No Hat
a7a705bb802401d8eb4fb335b719cc6c,No Hat
a7a91f893aa43b1279fb62864cf63d79,No Hat
a81cbe6d8b14de419f5fb51248ebd028,No Hat
a8333d42edbd59eb55017be59b01a622,No Hat
a83d7a19c6e4a7437a487198afb178c6,No Hat
a8f2f0107fee6b79b9ec065cc677ba93,No Hat
a92434253370fcdb0d6a4472ede9b6fe,No Hat
a947103ab17dd5f1d5e850e8e98ce259,Hat
a95706a8a926160d49b937dfceeeba88,No Hat
a977305028f7bbe840095a657e573289,No Hat
a99483e7e669d49765a4e6f83d42f5dc,No Hat
a99a91fb4499d6592f68383ce6cf4e2f,No Hat
a9c7fca29400d34a505e3a7ff2acd08f,No Hat
a9fd0d1c32c197f900ff9f532df375c1,No Hat
aab3d1f665b966aac7a0203bff886351,No Hat
aac501a0309532a066769ea6386a9174,Hat
aac70e6745137bce966f70bf22c03001,No Hat
aad93d6cf4375ac1b1812da40cd0dbec,No Hat
aadf26ca29fc46683b35077b3fa54407,No Hat
aae3b5a14834dae8263551d508ad0e73,No Hat
ab6813639de69431f70e30bec3150946,No Hat
ab7ae7dd3d8ab5fdf581286bdbd8f285,No Hat
ab91be5305d6015f7af9ab5bf7974492,No Hat
abb83188b1236180f3a529c26f7b88ba,No Hat
abc881a5366f64d13fa919092f3d771e,No Hat
abccc1e5ef2b76cccd9cb325ac01f5e4,Hat
abdd21f37bf1a234e16afb711a9d06a8,Hat
abe95ea554dae53ac8bd0a368a3df6b3,No Hat
abf9916a4353564ac7a59835013d4d83,No Hat
ac19d422c909b97eac08c0eb1dc6c014,No Hat
ac6357c300e4c479ecaaf0c48a0e9c91,No Hat
ac7b975620eb798195151fe88717f585,No Hat
acc32a190a3783c35764a71abbbe092c,No Hat
acf31405bfbf9fab560c2c33c1c13af0,No Hat
ad292e9460fee1805a2d80eb34d4ad5a,No Hat
ad439904968d4ef8619c72add5368ce1,No Hat
ad55fade5f6ce0f969cec9028e79cda8,Hat
ad7a392e57bd9d53de0c75bff6fcaba6,No Hat
adae3a781f6f3cc7c1d8f776d1231113,No Hat
adcc2debd84c2f413fc1824de5d88a16,No Hat
add537b84f29d9c8055c11442f88bc4a,No Hat
addab1ac742d8d0e4244395a9a15b563,No Hat
ade09583fb91358e79060b66b3a47623,No Hat
ade6f4238989051869fc6edd8c90307b,No Hat
ae20eadc72f37fd1ccd9265ba2b92c12,No Hat
ae2b5c2f1e09319ba76946d19f99f0d1,No Hat
ae6acd37a89880012a0712f0523de694,No Hat
aebe0b9d0da6ed01bb9c2bd374743ce6,Hat
aed6d99d44833c802e18c044de7be4de,No Hat
aedbaec4c5e33d873759a2a8b7872b78,No Hat
aeee02ade032e2ade4e7cd0b0db64cbb,No Hat
af0534d387e673383e30324f2532a1fb,Hat
af079792b6400f41a0044f9c5a7968a1,No Hat
af7535219b868a5e19492e05fbfea19a,No Hat
af77af3a47060e2d525dddc4c58c3e70,Hat
af7e10fc8c5dcd77e82906de52b8d472,No Hat
af7e9441adf165c1f7fd45fe40ee82da,No Hat
afbea5e5a018ede801a6ab7f90b421f7,No Hat
b0518cb8f36b071ac9985e64e0e09fc4,No Hat
b0594a02fd17ed264069e43810f6d035,No Hat
b068a6bf0ed7652a1bc4b69f222ad253,No Hat
b06d9457df3e5f19fc081ffc320cccd8,Hat
b09a4c031a7b9e6ccbcb857c6738dc41,No Hat
b0d89e6772b5cd4275a5c516a1a4948f,No Hat
b10bf5f1cda61bda2b9889d147a4fda5,No Hat
b12af4390e3fcf15a16f56b4ac477a2f,No Hat
b169695bf682e3f16ed902a9fd5d78db,No Hat
b17e05fa1c561daf1174e13ab6a39348,No Hat
b1bb6fe0b30cbc383df656de382b7d17,No Hat
b216dc6d32574d6a4d01b7fe7deb1490,No Hat
b24354d7f541a096e1eb73ad1e5c6a75,No Hat
b259457765f283b2cbd26a6ca3c6dd03,No Hat
b28c4d041a455517357943d68c1bc8c2,No Hat
b295cf2196a2f6fe7609f36cd37a4061,Hat
b2a98fc61f497b44ee5c0500d39dc8c5,No Hat
b2ea30cb9a86fcba26bf3f3933793acc,Hat
b2f121667a29fa038d2039bce6c8047c,No Hat
b2fb1244effe2d593bd1837b1a76ec70,No Hat
b3073e4bce9f6803c73c49cfc92ed37c,No Hat
b312c072d2b2b29bc1ac8b29fd207063,Hat
b3195eacabacc61f41c4eb9c33446735,No Hat
b31a3cd5655ba6c31426fa5fb62896eb,No Hat
b33cbf93dfc7584fac97d9bb3a16f565,No Hat
b3b60b172499c70cc1f434c548bd0a29,No Hat
b3e8fd7b165ffca91a6a6e7428df7071,No Hat
b3f07bd7b700a36ea96bd073b0ea90ed,No Hat
b40860953f0c68749615bef6c623485d,No Hat
b44c99618866fe4ea00bd5a70f2b342f,No Hat
b4c12a5d60d7344b00ae96dbf30def5e,No Hat
b4c9fde1995601161bded2f71ee25e5a,No Hat
b50f6f9061f90b74f153d7f62b349750,No Hat
b52c3a011e8d9c504656381f618ebc1f,No Hat
b56abee902101adef31af7cc05419fd5,No Hat
b5cdf9aab4eeee8a5d3f735482bd5567,No Hat
b5ddae2298b3e73e06ca4e67d7328720,Hat
b5e0dad1234374670c7754934ac9b6f3,No Hat
b61f3e828543268d342977a19f0a1069,Hat
b626a4fcee0f1a629ff7c8e9542c55e7,Hat
b62df4977034eadcbd12939a28236e62,Hat
b63619a5ab0fea24e7d0416bba31bd7d,No Hat
b68cd06531f31061e3e10746433dafb4,No Hat
b72a62a8374957497439c4f34b412785,No Hat
b7665851babc00553a8f2a00ae5c1d30,No Hat
b77a7298afec9657c20b490f982d41c9,No Hat
b785fe7dd2dd484c1b76bddccc368162,No Hat
b79ce1472d4255cd275d9f302888061b,No Hat
b7a69bc19560b113a887b2e1bb50833a,No Hat
b7ca9caffcc0e91cefa860518d567dc8,No Hat
b81b17e457731141136225d85bf33528,No Hat
b8a31388410f5d32fcdad8609014be38,No Hat
b8a3f41a52a9ed374af8c414f10b20c3,No Hat
b8b5dbdcdabd565b90cc89a5b5ee0c53,Hat
b8c0a99dc0c39721ad47a57d82dd997e,No Hat
b93f9913367bbf4e971052eb999c8dff,No Hat
b97b323e9ee384d8c458905e4a722709,No Hat
b9bcecb3c2899fa251117cf72a45fbc2,No Hat
b9d0e10d0d6c15b8a3ccfb1fb6423517,No Hat
b9d9ba68d9597f9bc2d98a7eb0122a96,No Hat
b9df3916fc7647eadc7ad0cbfd436e27,No Hat
b9e6e5faee6fac3b17d7c1893d36d687,No Hat
b9ffefb06053587000d50d88fd549c46,No Hat
bae1458075f552b59fb58a249de09e40,No Hat
bc06bc26d6d16216b2b0aa8923c4985e,No Hat
bc3e4a6037f3b878eae3cb1211c1714d,No Hat
bc6ab38b5b2ced92bb42ad550fffcab4,No Hat
bc8bbbd5a6bf61b16fc8467466ed8288,Hat
bcae1beab180e6f54595fd7436129824,No Hat
bcb92ee69bfff00f7ad719a6d6452afc,No Hat
bce37fcf0fa8d5a9dadc0bdf32194936,No Hat
bcfc44035d5e798a624219672a1a5742,No Hat
bd1a88efaa06855d080145442f904762,No Hat
bd2aecb1837a63f0557165f1495b5271,No Hat
bd5e1c212cbcb6f8541e083dba60286c,Hat
bd62ead3d9f9070e83df15bda622d529,No Hat
bda8894b0480823fca761d8ff6472246,Hat
bdab70af5e19cd22f2a59175cb133854,No Hat
bdb1fd8fd2a685721be3903fbfc477ad,No Hat
bdf5dcdcd60631375befb6793fc23d5e,No Hat
be28be68d0719f74149fcffa718e4e01,No Hat
be62683c24bf2b4e1efd47044dc8dba1,No Hat
be9279f0eb2719bcd639cb2f66df92bf,No Hat
bf3f20c110dbd11c251725f6af8d1411,No Hat
bf60ae768e3da9289f494a0fa9990349,No Hat
bfc99d7598085af816ce99a88ffb34a9,No Hat
bfcd45f18b89d43c913496c153d75e10,Hat
c05458573453d8d176c4b0139f160db6,No Hat
c064714e576b5109515225758e625dcf,Hat
c0b78a905555409af8d5659ecbc3dd13,Hat
c0c43f930297c3f5eb2f93c4deac635d,No Hat
c0c96442cbbdc4cffe7b4b07f9dd9c92,No Hat
c12af7176ead7ad67dc2574207641d1a,No Hat
c1bc8a353bcd87cad4b3049ee89e00ed,No Hat
c1c164722d486f7949e187a77a1ca707,No Hat
c22c10be059e2725289f092208a84026,No Hat
c28b46cdae7488b052e6918a8f68f8f0,No Hat
c2d99b8a9675b4c58c15c9ab37778b3b,No Hat
c2ee731c823505da1e2a4d932942944e,No Hat
c2f11f06048792e81f9c2700cfc27991,No Hat
c304678e6e9c3bb25a07760f010b3003,Hat
c31e2834561e8eed69eedfadd90a5469,No Hat
c333756f15254374eb29509b716f90a8,No Hat
c346e2acc5f030bfe8ceed207fa32d66,No Hat
c379c531a1e5779c30c2cd5cf36982d0,No Hat
c3808ef6fff7c7b3b656186a080424a1,No Hat
c3aa138a196ae36c93497cf0466409ff,No Hat
c438e6c1c8cef25b8a11224719106d8d,No Hat
c47cd785dcaf808df3821e448826efad,No Hat
c48a79d702417543658e18ecc07a95e7,Hat
c49c7e20285ca5836ebbc7853d2c60be,No Hat
c4cd8c247563f7553242d607226a840e,Hat
c4e94e3ad23e0667d20fe25a937231cc,No Hat
c5c15ad412c17630da1ed27fa1da8304,Hat
c5e836af0c5ea1d4c47a66db2bfc363a,No Hat
c5eff45dc087640af6d1b2ace1e32b39,No Hat
c66542f7fa3fc97852d95243624dd094,No Hat
c673bb2c893b750f9c7bea021d8d1778,No Hat
c6aeff475cf242c8957f011860484fe6,Hat
c6b81643e45436612b2ba62eb5192544,No Hat
c6c54284736d2fb7c0aac634b3ec43ab,No Hat
c717ed1c9d7b466bd7fc963c8785a88b,No Hat
c7796458d6021c65ec79e9b274afb3da,No Hat
c78575878ba609531a746c02f05b4455,No Hat
c7c6b70f4b734afe81abd370fffe189e,No Hat
c804254db85ca6994c09106a0817a641,No Hat
c81172e7825bd274bddf3bacae509c72,No Hat
c812a8f8091d150159e53ae112c592e8,Hat
c815963ae037c7fb3acb6680a82f6c87,No Hat
c8672b74a75f7b2d575dec65ad140f87,No Hat
c86c50a6ad2e715eb110ae4b0741bb6b,No Hat
c86f5369d2d3f1ad259cc5d9af514e1c,No Hat
c8b55ca9608cbee7100498b399d5ab26,No Hat
c8b7c97bd04c7a4c66c617e093f9e0ea,No Hat
c8c84e2dafb2cd95b91ba261c0f160e3,No Hat
c8d99d865d51f558027f1fa12665d08d,No Hat
c90010c1db0f51855f79d93e18bd7cc4,No Hat
c916f067ba2078a6cfd73ef20a28dceb,No Hat
c9325e9a260cd22598c6b5b169c42d24,No Hat
c9e4416177f74cb72ecf15c2836d226d,Hat
ca0cc40a101087f59ed22151b308a2ce,No Hat
ca1cd6dedeb1423dbc38ec5e13c17bc9,No Hat
caa84e6d0b161bc17a378d830ceefbc8,No Hat
caba109253c4d9dac6627b7041a3aff1,No Hat
cadfcfb9dfde61bad8e6b05254c2c577,No Hat
cb439a3892bea049c4ce34e76ee15924,No Hat
cb8844e75a24113a1e5244781af128ab,No Hat
cc3d29e72436d3c93d0d52046c9567d9,Hat
cc85967d21b731027613a800113ccdf2,No Hat
cc9b20d8b8aaa23565aefd3e2a0c5f99,No Hat
ccd1476a08f0c12a00d5eeda055f28b4,Hat
cd501e26541536b99d4a0298c5b478d3,No Hat
cd749d7d2f8989a20270f4ac8630b431,No Hat
cd90224e73632bb21d2c67aae488a58d,No Hat
cd9281f5541742d29484ace7a8e3fdd2,No Hat
cde698b53e7695f1c5aba07dc5999f3d,No Hat
ce2767785036530782ea2aba98dc9b3a,No Hat
ce37e3e1c013400420f6da81f3553e9e,No Hat
ce437fdb3955ab191390175776945263,No Hat
ce4c2e338ba1d19f543c56edb543ff5c,No Hat
cf6be2435e16a9aa3ae1091187e6e64a,No Hat
cf855d45261d16168c3fb9a2f048abf3,No Hat
cfab74bf1683274e85cf0ea99c8e8a66,No Hat
cfb54fce83d30c3d07fc2b6f58c06037,No Hat
cfe513e1cc5d86a3ff4f0ddfbf5186cd,Hat
d0115f2ac56164ac7d9a9bbe47ca0a46,Hat
d0129e143593cb3a13b036319a19098c,No Hat
d05e142fe626bcc4d8cef37acb4eb150,No Hat
d0d40433001f522f7010d2a429c036f0,No Hat
d0e4e86a1436057c3a9b9e11d608a129,Hat
d0ef4542d2ebb0abbe9faab0655cc034,No Hat
d11a97456cad701fd93d10d0a78271b4,No Hat
d14e80246f363cace5d893df2129548f,No Hat
d14f5167536f7318879e1962646896d2,No Hat
d14fad572f1fadc4467681aed579d317,No Hat
d150b3477c10e00a0dea8d2a21c1a342,Hat
d18740fb4baca4c00c4b848a3ad8bc01,No Hat
d1a7c787c29b3740f18c6d0f37d55cc9,No Hat
d1bbc528d19201cbef5ef5f269ee1234,No Hat
d1fa5456317f826f86400b7b08760138,Hat
d24758373592b5ed25c739e5fee7fd19,No Hat
d265ceb5402ec51276635ef7b6adcad4,Hat
d2916df2984712fa6cd65944fee26e1b,No Hat
d2a638518efafb5c5921b64f2296ea8c,Hat
d2c74803dee82947a393c7e8bf9c0fd0,No Hat
d2ea0a4c2b0308703ce135de5952fc1b,Hat
d30621a5be957e3cdf264dba55b4081d,No Hat
d3077b063e576ebaf4d524f7ff7e2313,No Hat
d3189a39896e9ab5e7020b194abc6999,No Hat
d34685f2575b7cebe65920055af93d86,No Hat
d399175cc684b523164339d4cc0037f9,No Hat
d3ce504ff80e3491bc4ed51e16279b18,No Hat
d3f3f8732cf7fd298e7c0b0320f280f7,No Hat
d431cc94466b0c82e4570186964987e9,No Hat
d4399358193d4adef82b2a3228ff95a5,No Hat
d44f7759763c2857c9a252cb3264aeae,No Hat
d52bc3647b9fb770b69f8df7aa6e0f85,No Hat
d537fb4c3bb285ada395d0db6af44a2b,No Hat
d5576be69d83ea4b5dcc5458bde598fb,No Hat
d576f0906a0a018a5a08f5bd1720b342,No Hat
d5ef9f544ac38b73539abb0bc1c10cc4,No Hat
d647a06ee93d6656a374ff322d9b8d5f,No Hat
d65ae274abb0f8f9738822c7fa13a88b,No Hat
d66cff1ce134b4aab747bd45fa5839c6,No Hat
d68f472795ba37592b1a87dc96a14be1,No Hat
d6b13452041a9eafdf4fb9987674cf11,Hat
d6c3349223a4a18be4e0f324f22d8b30,No Hat
d74189736b3dfca95b7b054020861278,No Hat
d761852d4a357d282aef61a54cf84275,No Hat
d7d495b25ea16f83e49667d90948ba9f,No Hat
d8357d1ace7497c4b1d2f0d0a26ee47c,No Hat
d83ee965600db0239b86d407a5417e78,Hat
d86bdfb323390c3aab463e3fea44f769,No Hat
d87a06542ae8934b12a5f5ce8e354d17,No Hat
d89181cd56da4193375e66e1a4193c20,No Hat
d8c679b8c5be508a5a6b9be101275a07,No Hat
d8ce421165b29abe0a9a5c8c2e0ee2e2,No Hat
d8e3f3297d8ddba952f8c3754c1e01fc,No Hat
d8e54636c68f0b18b0a4a317dc9986b3,No Hat
d901d45411e39b6bc4cd2c47a355e3e2,No Hat
d9159b96050f68f59b7639c898cd45a9,No Hat
d931e99bc6bb54f257d0a3e9831cdaa2,No Hat
d9bfac288859b0737d35d7178ac20c05,No Hat
d9cee025cb3007e59f903724fc4ebab4,No Hat
d9e86f85a60a7198dc5fa35c42ecc8f8,No Hat
da1d68d777ef60db8d155fd7124c88c9,No Hat
da50f62fa9cdd944d4b91a63e7ba68d5,No Hat
da57f8c6176e73aedccdec766ff9e10f,No Hat
da72eb5c96122a11d4bf3f5866d126e5,Hat
da9bdfd29ff43be302f6892597f048cb,No Hat
daa2b79cdb6766388483cb458b250142,No Hat
db319bf09dd51e953a5d479b26b88998,No Hat
db42059e6f1e9e1cc8803e70fc3bc0ce,No Hat
db484eabac4be2c0fadfc9bbe75635f1,No Hat
db559c559b95b12bbf69926ed7add05d,No Hat
db6871f656567ae88142994b36a37691,No Hat
db72d4e8d5e691e69a9e1708a8471867,No Hat
dbdb88de2ad73e65269c88904a6d2335,Hat
dc14cd453b9c7f63788d5f1d0be983fe,No Hat
dc19c7515f6cb3cad6feccef33881eae,No Hat
dc25d95deed1a92ae16ea21df40a09e9,No Hat
dc273157910314a11b59732b5b7c596b,No Hat
dc309f84386146f5cd805dcea25d3235,No Hat
dc8bd0215fc2f0c992eedfeaabfaa6ef,No Hat
dcb24432f094fced6126c0c75de22c18,No Hat
dcd847a62ea52c4d06913c5396904e31,No Hat
dcd8a3a94b9b5f874f6445c61e55608c,No Hat
dd00bd3a10ec5ef70363217c61579d25,No Hat
dd506859062bce33e64e1aedcd29dd2a,No Hat
dd537ffd9a89e9eed6b40b5d4155b60e,Hat
dd587d679fa8818fac0e95a227242379,No Hat
dd62c80f319d1315cf0990f79a883138,No Hat
dd8abb272bf6b1681c2c773a44390631,No Hat
ddbdb62cfe2f162cd48785674b2d64e4,No Hat
ddd243dc3f303530287cefd5c2098bdd,No Hat
dddf9f6b3555bfd6f3cbe8d852f32e4c,No Hat
de0d72bc5988227f641461ee7a1ae917,Hat
de145b5a26a0df934ddc1de1ce98c244,No Hat
de21b84431626e8fdba02efae947528e,No Hat
de22ce4205a9a43c7e8fb1b8676edad0,No Hat
de2c325cde07da6551aa9ee5df3115aa,No Hat
de4ce1244ee9c41d6469d29dab5f78a4,No Hat
de4d5cd5cc08372d4b3512d46a464aad,Hat
de6b4ae0d94076cc0526796f4e3f4812,No Hat
de84a9b1876a0c94f238c15aabd6c48e,No Hat
df556873bf8db0ae870fd8a5e5332cc0,No Hat
df5bc7436c14134e58692ac7dd109c69,No Hat
df657d468fab117c4dc5c47c3406e620,No Hat
df9f0bcb1a7ab19e1ddc478107a41221,Hat
dfc09da3b43791adee75448e78930c0c,No Hat
dfc9fa466009889c4c77b8c00727906f,Hat
dffcfcf56e459d5ae6f995af76ded0da,No Hat
e01cc1fd5e065e88a52aa6d5fc195f32,No Hat
e01f20c66ef22fd2c89cb02414b81223,Hat
e02249d05439632e8ceb150e93a699fe,No Hat
e04e2ce6d5a273db3642b175ed4b25bb,Hat
e063b25c01c1cdf960f30bb5af103104,No Hat
e086487bd10dfa08cffee0305f5fb8d5,No Hat
e0d31c2aa44155760eb782878d7a1cb8,No Hat
e0ee3e2171bb84c5d41873d23931b275,No Hat
e127a8d3bb9bdbf3203770ccd99e4477,No Hat
e14237b393161b51a8daffff59fc34cb,No Hat
e15cea93d22777b7dc158aaaf53e3b50,No Hat
e17a64e9cf81a3347d61241019da9b84,Hat
e218d4bfcc64b4f6c08e80b120c781c2,Hat
e2596edb64becb483acdee8476884fd3,Hat
e28dcfb198e30a0f3d7c43a39f5487cc,No Hat
e2a417917cddbda9bbf593261387c683,No Hat
e2a5025b25f37d13f73f2f5146806595,Hat
e2b65f933f24fd013003b8339ede30f6,No Hat
e2c06eb61880e39e9bc7a7246b8e026b,No Hat
e2c5ae361ae77c54077e6703a4ebaca5,No Hat
e2d020d27c276cba5446c3f122cfe69e,No Hat
e2dc84d12add3623c08d029c10acc6df,No Hat
e2fda3d3747442c6a16460234a919b1b,No Hat
e30a961b48f4f4e45478f54e0bda3ccd,No Hat
e30f2ee0ac9d530f4cb968526efca93d,No Hat
e30f99c3323863d3857f9f32dd9f2d7e,No Hat
e347844c85303d796c25479ef25838f6,No Hat
e37b92371b76bcb9ae04eaac7ab0944f,No Hat
e423e527234ef9c17b333ed080e5d58c,Hat
e475d94cafca202211a6c733d14f74aa,No Hat
e4c691c9a47f4bfe8c51e152aac4afef,No Hat
e4d1a9290b9a7357f6dd6b6d4765decf,No Hat
e4e5a2a35632155eff48aa6974636871,No Hat
e5211a8b6670a77270349abc32bf0651,No Hat
e53396d10b2c9c2a47b1116ed2b2419d,Hat
e545cff2eca0181fccd8bf19101277dd,No Hat
e57b77ff2d00cc85cb0df7b8734498ac,No Hat
e6165cdfbf385c340576a9afe6932f37,No Hat
e627c4983a784a466ecf2e1cf546e284,No Hat
e63382cda896c44535e85c093b8e9dd2,No Hat
e64626af813369ce91baa7eef2d7e065,No Hat
e675377b93c6dbd9a5d511fadea2a8fe,Hat
e684059f288463b82cb1ab7f733176c1,No Hat
e6a3291c9dd1b08c18f3110125d6ce8d,No Hat
e6b1cb846b7db3e026cd66565a555490,No Hat
e6dbe76d06a590daab33283f57ceae60,No Hat
e7171e9c93ffc7ec7062f943850e51d0,Hat
e71e6804fe9c455d410854ae7b3153d1,No Hat
e7365cf538147c8a74338aac580753d2,No Hat
e7700a31d08d8ebbcbd7b6c5b92872fd,No Hat
e7bf5f3077f9a0725aa7a7724120bf02,No Hat
e809c60114b562d529d2570d153ef74e,No Hat
e894ff713023da423b917b84edd0a153,No Hat
e8f1bc1262f62be2edf22bf163b22354,No Hat
e90cd4f19e5974a99089e75bae9bf4fb,No Hat
e9155365627ff8c8d4e03a5b9d251619,No Hat
e98b2b134ff5f44a9352657482b3ad21,No Hat
e990cb08577bf8b28885fbc849fc341e,No Hat
ea09b39b36e7451fc38f0da8eebbef67,No Hat
ea18d7da931e59549459a341a653528e,No Hat
ea3e58c3bbc19548bf12a1ebeff6a5ca,No Hat
ea3f2a8c2ba0205c478219167869ede3,Hat
ea8051ce595f9c647cfcf7a78b514fff,No Hat
ea91671677f96ec39a0ac2004fde496b,No Hat
eab2d112226c078d29ff08ad53e49036,Hat
eae568a9f11da8c0995577320bb45bac,No Hat
eaf30a69e0426c9ed4f60180f8665d64,No Hat
eb66059bf543ca565509815da4e1112d,Hat
eb793669258816b9f72383e5b0bb3199,No Hat
ebcbf5f10149f47be8b314fb59b63efd,No Hat
ebe5b9129d59e2a3ca32298aa5c0b614,No Hat
ebf91ddfb635a1ff319515a80a9c91d0,No Hat
ec022c4e88ee23ee81f50b2b3cc8b4ac,No Hat
ec1f4bf6501d05c53c2bf36d04734cc1,No Hat
ec23f79d689c1d5d0d7c0a9113d7f1d1,Hat
ec3d67bf9252fe20384dea91af1866df,No Hat
ec48bdaab5c7a1a3a088db31884a4028,No Hat
ec5b8456110af74233a418758c507ac3,No Hat
ec78c9e8b813bb432db7bb84db53c711,No Hat
ec8edfaeab23a7f382da19ce18db4138,No Hat
ec9e000a78377c332b012164ccb05c0c,No Hat
ecaa890ec7d8b2208de2df7bd0c19cbe,No Hat
ecd571362c68228490dba061b36ac419,Hat
ed34ef0dc9da326b7a787d7bcd1d37be,No Hat
ed458e06a709907db15dd7d8ed55c57e,No Hat
ed747a2799954922d35c4385848b9a5b,No Hat
edbc201d44ea82e283072ea66adf86fc,No Hat
edc69cf215fc2a97e2fa3f58af273309,No Hat
edc6f3108592e984d41110cb2d1c1886,No Hat
edc839ee7d572ad825d804b170fbca20,No Hat
edfc62c4dc2898a18b9b53a2be0ceed8,Hat
ee11955b5d9d6638499b6dbb4f634c20,No Hat
ee422225338b003f537ab4c4d2b1dbc8,No Hat
ee519aed04d6efe90ea7700ad5d5e09d,No Hat
ee708e10adfc508c5d4ec4dfcce593da,Hat
ee73f4f991e3b668a748ef0d1064e707,No Hat
ee93a078f083b98fc5fd81bd0d5f5f7b,No Hat
ee93b32201ce8d2e123149e83d49772e,No Hat
eec96cdf48e48008b7dc96750aaa4e6b,Hat
eed6772139713e7e69a5c45229607057,No Hat
eeed0613aca10e22e57f125e01ffc105,No Hat
eefa6302817b58ceb563df392c051825,No Hat
ef3782bc8593cba2f3d25b8623ade52c,No Hat
ef523307e468138bfdfa0305eaa31920,No Hat
ef5fad79f4995210644a9f8442ce1868,Hat
ef97f24bf6cebbcbc3b9884b4c14b40e,No Hat
efb3bb9f811394a4bfd949eea51473c8,No Hat
efcd916c83afe2809b2415f18dd77de1,No Hat
f000afe56d3c206526f5904cb0451651,No Hat
f001a94eee15ffa4d3e6d700467bc104,No Hat
f053c7b33c5635d0623a31c68e60986d,No Hat
f06ae3526bc286b3331e277a66b60730,No Hat
f06edd8dd9334a7af46e0fe6dce86ff1,No Hat
f0af36b9921b12552e90bcc42b137161,No Hat
f1ac7ce9ce79781eff2488a87da5377d,No Hat
f1b67764bc4db4b18804e0c595c32048,No Hat
f22cc8bf4666defb831263456ec2756e,No Hat
f29463ea47037c69856ea66829ea3226,No Hat
f2d29006edeea6e534302b4b57979f82,Hat
f313381662c6d5b61b13b7f48ae62142,No Hat
f31c573bf0199853d0675da1aec5d944,No Hat
f33e23281564261aee64466a96cde0a1,No Hat
f3691abb62c2a71c0698e985dc6d6c1f,No Hat
f383292ed50ce045e11a8115a143f2a2,No Hat
f3a52a4eda9f0fa974d7cc1630b36de6,No Hat
f3bff961d2fc82df2509f7b5f641e933,No Hat
f3e21711a00acdd5934d70b142fec621,No Hat
f4283028185a3de79babc54717a3efc0,No Hat
f4330fc73dfb591af9205619607685cd,No Hat
f43c556ef59013d03a2b35dbf8816fb0,No Hat
f493d90f5b12765a9e6519fc8a469e70,No Hat
f4ad680964788452594b9027c9d76902,Hat
f52355ed8fbc4444fa5a2c0f1a0f7d4f,No Hat
f52a1480e8e795a4f615b8cbcbe51802,No Hat
f53e53b954eac82cbb520b790528b362,No Hat
f587bf6d381e59e51208d74cd92a8bf2,No Hat
f5cc97a4901bbded78a80598d6244b25,No Hat
f610eda093a967c5f4bac32bf978d5bc,No Hat
f68ea23ab1c009b17abbd0b0c6aa4e43,Hat
f68f388dc824f02d3400bb4e9dacc092,No Hat
f6d8e0f0bda0947b74430684ffa71da5,Hat
f6ef3cea7941d1df6c21558c2086bc9e,No Hat
f725a6ce255cfe2969f3797c9aed77fb,No Hat
f7474d892e9477ad33d4275ca5916951,No Hat
f77f8a8f6b31090e5f09f6504c7f7465,No Hat
f7d5880a850ce0cebe86d6c69212443d,No Hat
f8317edfc309f6fbe73456c305808252,No Hat
f85928577d5a759948b0b302b1df6c04,No Hat
f86adb2cfa0513ec60b73878da1da269,No Hat
f895a209ee91f790f99f913f3d6b9030,No Hat
f8ac82e190e0c139e0a64e4ec5f5815b,No Hat
f8b23b9c4e90dfa3db77a8960a8a47b8,No Hat
f8d34cf12ddf76eed2159ab57c263f1d,No Hat
f942141d66fa956c3cd306704b898688,No Hat
f9c6aca0c249ca168e8b43b38f31eb79,No Hat
f9d8cb3ee6bcd761fe07bc6d424caee9,No Hat
f9d9975f7b8191187200454efd5a1c20,No Hat
f9e6ec68881701689e5bd89d85c2c7ce,No Hat
f9f6d8278ef5fc4c12f64bc9257c4e7e,No Hat
f9f9586526a4fef6368e223e35a701de,No Hat
fa653038f71ee8bb8710b784c9f8a407,No Hat
faab3c3be929b0421c74cfac83924ec7,No Hat
fabf5f0e9d91630869cb4a13ad1aac4a,No Hat
faf9880083632ce4cbf5b8329eccf1c6,No Hat
fb2482fff69b794643c4f6127572004b,Hat
fb3c03c622f06580e5f3bcab387ec9b6,No Hat
fb90b8f80da8c4d37694392ce9bd1029,No Hat
fbd3e29786ed11cdee753b38c22eb7ab,Hat
fbe938cb80cda18efdc45969ee646192,No Hat
fc4b8c185a59f240cf9c16e2fa80d983,No Hat
fc4e81c7e852fed4aed66c75d437c70a,No Hat
fc86dc4e5b61e039ab4442233c1fe689,No Hat
fc965946777a2192bd76fc768a7a87d2,No Hat
fc9938a8b70c58eb04f5bc80d5f4f4a5,No Hat
fcf24f3cfa96a59d9b0bfb898d8d9f8d,No Hat
fd3e89ecba2a67797911674a93cde591,No Hat
fe3f492c2218b18ea556c17d94655a86,No Hat
fe62d64330a4c7d2514041a24c4d6901,No Hat
fe73144307b7c2a40ceba5dc91840c5e,No Hat
fe8a54578f0d6d7e1b3e9665a6ee529c,Hat
fec88a04f930f2c060203da43bf855b0,No Hat
fed41c6f4397c3dfce50c70ae91e0847,Hat
fee2dd9345a96b2f0d3170221d0f2ad4,No Hat
ffbbd25ce02a544fe99c2afbff5c360d,No Hat
fffc302e624dc4c47cc7f2935c321f69,No Hat
